Video,Season,Episode,Name
ENT|1|1|Broken Bow, Part 1
ENT|1|2|Broken Bow, Part 2
ENT|1|3|Fight or Flight
ENT|1|4|Strange New World
ENT|1|5|Unexpected
ENT|1|6|Terra Nova
ENT|1|7|The Andorian Incident
ENT|1|8|Breaking the Ice
ENT|1|9|Civilization
ENT|1|10|Fortunate Son
ENT|1|11|Cold Front
ENT|1|12|Silent Enemy
ENT|1|13|Dear Doctor
ENT|1|14|Sleeping Dogs
ENT|1|15|Shadows of P'Jem
ENT|1|16|Shuttlepod One
ENT|1|17|Fusion
ENT|1|18|Rogue Planet
ENT|1|19|Acquisition
ENT|1|20|Oasis
ENT|1|21|Detained
ENT|1|22|Vox Sola
ENT|1|23|Fallen Hero
ENT|1|24|Desert Crossing
ENT|1|25|Two Days and Two Nights
ENT|1|26|Shockwave, Part I
ENT|2|1|Shockwave, Part II
ENT|2|2|Carbon Creek
ENT|2|3|Minefield
ENT|2|4|Dead Stop
ENT|2|5|A Night in Sickbay
ENT|2|6|Marauders
ENT|2|7|The Seventh
ENT|2|8|The Communicator
ENT|2|9|Singularity
ENT|2|10|Vanishing Point
ENT|2|11|Precious Cargo
ENT|2|12|The Catwalk
ENT|2|13|Dawn
ENT|2|14|Stigma
ENT|2|15|Cease Fire
ENT|2|16|Future Tense
ENT|2|17|Canamar
ENT|2|18|The Crossing
ENT|2|19|Judgment
ENT|2|20|Horizon
ENT|2|21|The Breach
ENT|2|22|Cogenitor
ENT|2|24|First Flight
ENT|2|25|Bounty
ENT|2|26|The Expanse
ENT|3|1|The Xindi
ENT|3|2|Anomaly
ENT|3|3|Extinction
ENT|3|4|Rajiin
ENT|3|5|Impulse
ENT|3|6|Exile
ENT|3|7|The Shipment
ENT|3|8|Twilight
ENT|3|9|North Star
ENT|3|10|Similitude
ENT|3|11|Carpenter Street
ENT|3|12|Chosen Realm
ENT|3|13|Proving Ground
ENT|3|14|Stratagem
ENT|3|15|Harbinger
ENT|3|16|Doctor's Orders
ENT|3|17|Hatchery
ENT|3|18|Azati Prime
ENT|3|19|Damage
ENT|3|20|The Forgotten
ENT|3|21|E-Squared
ENT|3|22|The Council
ENT|3|23|Countdown
ENT|3|24|Zero Hour
ENT|4|1|Storm Front, Part 1
ENT|4|2|Storm Front, Part 2
ENT|4|3|Home
ENT|4|4|Borderland
ENT|4|5|Cold Station 12
ENT|4|6|The Augments
ENT|4|7|The Forge
ENT|4|8|Awakening
ENT|4|9|Kir'Shara
ENT|4|10|Daedalus
ENT|4|11|Observer Effect
ENT|4|12|Babel One
ENT|4|13|United
ENT|4|14|The Aenar
ENT|4|15|Affliction
ENT|4|16|Divergence
ENT|4|17|Bound
ENT|4|20|Demons
ENT|4|21|Terra Prime
SHO|2|5|The Girl Who Made the Stars
SHO|1|3|The Brightest Star
SHO|2|1|Q&A
TOS|0|1|The Cage
DIS|1|1|The Vulcan Hello
DIS|1|2|Battle of the Binary Stars
DIS|1|3|Context is for Kings
DIS|1|4|The Butchers Knife Cares Not for the Lambs Cry
DIS|1|5|Choose Your Pain
DIS|1|6|Lethe
DIS|1|7|Magic to Make the Sanest Man go Mad
DIS|1|8|Si Vis Pacem, Para Bellum
DIS|1|9|Into the Forest I Go
DIS|1|10|Despite Yourself
DIS|1|11|The Wolf Inside
DIS|1|12|Vaulting Ambition
DIS|1|13|What's Past is Prologue
DIS|1|14|The War Without, The War Within
DIS|1|15|Will You Take My Hand?
SHO|1|1|Runaway
SHO|1|4|Escape Artist
DIS|2|1|Brother
DIS|2|2|New Eden
DIS|2|3|Point of Light
DIS|2|4|An Obol for Charon
DIS|2|5|Saints of Imperfection
DIS|2|6|The Sound of Thunder
DIS|2|7|Light and Shadows
DIS|2|8|If Memory Serves
DIS|2|9|Project Daedalus
DIS|2|10|The Red Angel
DIS|2|11|Perpetual Infinity
DIS|2|12|Through the Valley of Shadows
DIS|2|13|Such Sweet Sorrow, Part 1
DIS|2|14|Such Sweet Sorrow, Part 2
SHO|2|2|The Trouble with Edward
SHO|2|3|Ask Not
SNW|1|1|Strange New Worlds
SNW|1|2|Children of the Comet
SNW|1|3|Ghosts of Illyria
SNW|1|4|Momento Mori
SNW|1|5|Spock Amok
SNW|1|6|Lift Us Where Suffering Cannot Reach
SNW|1|7|The Serene Squall
SNW|1|8|The Elysian Kingdom
SNW|1|9|All Those Who Wander
SNW|1|10|A Quality of Mercy
SNW|2|1|The Broken Circle
SNW|2|2|Ad Astra per Aspera
SNW|2|3|Tomorrow and Tomorrow and Tomorrow
SNW|2|4|Among the Lotus Eaters
SNW|2|5|Charades
SNW|2|6|Lost in Translation
SNW|2|8|Under the Cloak of War
SNW|2|9|Subspace Rhapsody
SNW|2|10|Hegemony
TOS|1|3|Where No Man Has Gone Before
TOS|1|10|The Corbomite Maneuver
TOS|1|6|Mudd's Women
TOS|1|5|The Enemy Within
TOS|1|1|The Man Trap
TOS|1|4|The Naked Time
TOS|1|2|Charlie X
TOS|1|14|Balance of Terror
TOS|1|7|What Are Little Girls Made of?
TOS|1|9|Dagger of the Mind
TOS|1|8|Miri
TOS|1|13|The Conscience of the King
TOS|1|16|The Galileo Seven
TOS|1|20|Court Martial
TOS|1|11|The Menagerie (Part I)
TOS|1|12|The Menagerie (Part II)
TOS|1|15|Shore Leave
TOS|1|17|The Squire of Gothos
TOS|1|18|Arena
TOS|1|27|The Alternative Factor
TOS|1|19|Tomorrow is Yesterday
TOS|1|21|The Return of the Archons
TOS|1|23|A Taste of Armageddon
TOS|1|22|Space Seed
TOS|1|24|This Side of Paradise
TOS|1|25|Devil in the Dark
TOS|1|26|Errand of Mercy
TOS|1|28|The City on the Edge of Forever
TOS|1|29|Operation: Annihilate!
TOS|2|7|Catspaw
TOS|2|9|Metamorphosis
TOS|2|11|Friday's Child
TOS|2|2|Who Mourns for Adonais?
TOS|2|1|Amok Time
TOS|2|6|The Doomsday Machine
TOS|2|14|Wolf in the Fold
TOS|2|3|The Changeling
TOS|2|5|The Apple
TOS|2|4|Mirror, Mirror
TOS|2|12|The Deadly Years
TOS|2|8|I, Mudd
TOS|2|15|The Trouble with Tribbles
TOS|2|25|Bread and Circuses
TOS|2|10|Journey to Babel
TOS|2|19|A Private Little War
TOS|2|16|The Gamesters of Triskelion
TOS|2|13|Obsession
TOS|2|18|The Immunity Syndrome
TOS|2|17|A Piece of the Action
TOS|2|22|By Any Other Name
TOS|2|20|Return to Tomorrow
TOS|2|21|Patterns of Force
TOS|2|24|The Ultimate Computer
TOS|2|23|The Omega Glory
TOS|2|26|Assignment: Earth
TOS|3|6|Spectre of the Gun
TOS|3|13|Elaan of Troyius
TOS|3|3|The Paradise Syndrome
TOS|3|2|The Enterprise Incident
TOS|3|4|And the Children Shall Lead
TOS|3|1|Spock's Brain
TOS|3|5|Is There No Truth in Beauty?
TOS|3|12|The Empath
TOS|3|9|The Tholian Web
ENT|4|18|In a Mirror, Darkly, Part I
ENT|4|19|In a Mirror, Darkly, Part I
TOS|3|8|For the World Is Hollow and I Have Touched the Sky
TOS|3|7|Day of the Dove
TOS|3|10|Plato's Stepchildren
TOS|3|11|Wink of An Eye
TOS|3|17|That Which Survives
TOS|3|15|Let That Be Your Last Battlefield
TOS|3|14|Whom Gods Destroy
TOS|3|16|The Mark of Gideon
TOS|3|18|The Lights of Zetar
TOS|3|21|The Cloud Minders
TOS|3|20|The Way to Eden
TOS|3|19|Requiem for Methuselah
TOS|3|22|The Savage Curtain
TOS|3|23|All Our Yesterdays
TOS|3|24|Turnabout Intruder
TAS|1|1|Beyond the Farthest Star
TAS|1|2|Yesteryear
TAS|1|3|One of Our Planets is Missing
TAS|1|4|The Lorelei Signal
TAS|1|5|More Tribbles, More Troubles
TAS|1|6|The Survivor
TAS|1|7|The Infinite Vulcan
TAS|1|8|The Magicks of Megas-tu
TAS|1|9|Once Upon a Planet
TAS|1|10|Mudd's Passion
TAS|1|11|The Terratin Incident
TAS|1|12|The Time Trap
TAS|1|13|The Ambergris Element
TAS|1|14|The Slaver Weapon
TAS|1|15|The Eye of the Beholder
TAS|1|16|The Jihad
TAS|2|1|The Pirates of Orion
TAS|2|2|Bem
TAS|2|3|The Practical Joker
TAS|2|4|Albatross
TAS|2|5|How Sharper than a Serpent's Tooth
TAS|2|6|The Counter-Clock Incident
MOV|||Star Trek: The Motion Picture
MOV|||Star Trek II: The Wrath of Khan
MOV|||Star Trek III: The Search for Spock
SHO|2|4|Ephraim and Dot
MOV|||Star Trek IV: The Voyage Home
MOV|||Star Trek V: The Final Frontier
MOV|||Star Trek VI: The Undiscovered Country
TNG|1|9|The Battle
TNG|1|10|Hide and Q
TNG|1|11|Haven
TNG|1|12|The Big Goodbye
TNG|1|13|Datalore
TNG|1|14|Angel One
TNG|1|15|11001001
TNG|1|16|Too Short a Season
TNG|1|17|When The Bow Breaks
TNG|1|18|Home Soil
TNG|1|19|Coming of Age
TNG|1|20|Heart of Glory
TNG|1|21|The Arsenal of Freedom
TNG|1|22|Symbiosis
TNG|1|23|Skin of Evil
TNG|1|24|We'll Always Have Paris
TNG|1|25|Conspiracy
TNG|1|26|The Neutral Zone
TNG|1|1|Encounter at Farpoint, Part 1
TNG|1|2|Encounter at Farpoint, Part 2
TNG|1|3|The Naked Now
TNG|1|4|Code of Honor
TNG|1|5|The Last Outpost
TNG|1|6|Where No One Has Gone Before
TNG|1|7|Lonely Among Us
TNG|1|8|Justice
TNG|2|1|The Child
TNG|2|2|Where Silence Has Lease
TNG|2|3|Elementary, Dear Data
TNG|2|4|The Outrageous Okona
TNG|2|5|Loud as a Whisper
TNG|2|6|The Schizoid Man
TNG|2|7|Unnatural Selection
TNG|2|8|A Matter of Honor
TNG|2|9|The Measure of a Man
TNG|2|10|The Dauphin
TNG|2|11|Contagion
TNG|2|12|The Royale
TNG|2|13|Time Squared
TNG|2|14|The Icarus Factor
TNG|2|15|Pen Pals
TNG|2|16|Q Who?
TNG|2|17|The Samaritan Snare
TNG|2|18|Up the Long Ladder
TNG|2|19|Manhunt
TNG|2|20|The Emissary
TNG|2|21|Peak Performance
TNG|2|22|Shades of Gray
TNG|3|1|Evolution
TNG|3|2|The Ensigns of Command
TNG|3|3|The Survivors
TNG|3|4|Who Watches the Watchers?
TNG|3|5|The Bonding
TNG|3|6|Booby Trap
TNG|3|7|The Enemy
TNG|3|8|The Price
TNG|3|9|The Vengeance Factor
TNG|3|10|The Defector
TNG|3|11|The Hunted
TNG|3|12|A Matter of Perspective
TNG|3|13|The High Ground
TNG|3|14|Deja Q
TNG|3|15|Yesterday's Enterprise
TNG|3|16|The Offspring
TNG|3|17|Sins of the Father
TNG|3|18|Allegiance
TNG|3|19|Captain's Holiday
TNG|3|20|Tin Man
TNG|3|21|Hollow Pursuits
TNG|3|22|The Most Toys
TNG|3|23|Sarek
TNG|3|24|Menage a Troi
TNG|3|25|Transfigurations
TNG|3|26|The Best of Both Worlds, Part 1
TNG|4|1|The Best of Both Worlds, Part 2
TNG|4|2|Family
TNG|4|3|Brothers
TNG|4|4|Suddenly Human
TNG|4|5|Remember Me
TNG|4|6|Legacy
TNG|4|7|Reunion
TNG|4|8|Future Imperfect
TNG|4|9|Final Mission
TNG|4|10|The Loss
TNG|4|11|Data's Day
TNG|4|12|The Wounded
TNG|4|13|Clues
TNG|4|14|Devil's Due
TNG|4|15|First Contact
TNG|4|16|Galaxy's Child
TNG|4|17|Night Terrors
TNG|4|18|Identity Crisis
TNG|4|19|The Nth Degree
TNG|4|20|Qpid
TNG|4|21|The Drumhead
TNG|4|22|Half a Life
TNG|4|23|The Host
TNG|4|24|The Mind's Eye
TNG|4|25|In Theory
TNG|4|26|Redemption, Part 1
TNG|5|1|Redemption, Part 2
TNG|5|2|Darmok
TNG|5|3|Ensign Ro
TNG|5|4|Silicon Avatar
TNG|5|5|Disaster
TNG|5|6|The Game
TNG|5|7|Unification I
TNG|5|8|Unification II
TNG|5|9|A Matter of Time
TNG|5|10|New Ground
TNG|5|11|Hero Worship
TNG|5|12|Violations
TNG|5|13|The Masterpiece Society
TNG|5|14|Conundrum
TNG|5|15|Power Play
TNG|5|16|Ethics
TNG|5|17|The Outcast
TNG|5|18|Cause and Effect
TNG|5|19|The First Duty
TNG|5|20|Cost of Living
TNG|5|21|The Perfect Mate
TNG|5|22|Imaginary Friend
TNG|5|23|I, Borg
TNG|5|24|The Next Phase
TNG|5|25|The Inner Light
TNG|5|26|Time's Arrow, Part 1
TNG|6|1|Time's Arrow, Part 2
TNG|6|2|Realm of Fear
TNG|6|3|Man of the People
TNG|6|4|Relics
TNG|6|5|Schisms
TNG|6|6|True-Q
TNG|6|7|Rascals
TNG|6|8|A Fistful of Datas
TNG|6|9|The Quality of Life
TNG|6|10|Chain of Command, Part 1
TNG|6|11|Chain of Command, Part 2
DS9|1|1|Emissary, Part 1
DS9|1|2|Emissary, Part 2
DS9|1|3|Past Prologue
DS9|1|4|A Man Alone
DS9|1|5|Babel
TNG|6|12|Ship in a Bottle
TNG|6|13|Aquiel
DS9|1|6|Captive Pursuit
DS9|1|7|Q-Less
TNG|6|14|Face of the Enemy
DS9|1|8|Dax
TNG|6|15|Tapestry
DS9|1|9|The Passenger
TNG|6|16|Birthright, Part 1
TNG|6|17|Birthright, Part 2
DS9|1|10|Move Along Home
DS9|1|11|The Nagus
TNG|6|18|Starship Mine
TNG|6|19|Lessons
DS9|1|12|Vortex
DS9|1|13|Battle Lines
DS9|1|14|The Storyteller
TNG|6|20|The Chase
TNG|6|21|Frame of Mind
TNG|6|22|Suspicions
DS9|1|15|Progress
TNG|6|23|Rightful Heir
DS9|1|16|If Wishes Were Horses
TNG|6|24|Second Chances
DS9|1|17|Dramatis Personae
DS9|1|18|The Forsaken
DS9|1|19|Duet
TNG|6|25|Timescape
DS9|1|20|In the Hands of the Prophets
TNG|6|26|Descent, Part 1
TNG|7|1|Descent, Part 2
DS9|2|1|The Homecoming
DS9|2|2|The Circle
DS9|2|3|The Siege
TNG|7|2|Liaisons
TNG|7|3|Gambit, Part 1
TNG|7|4|Gambit, Part 2
DS9|2|4|Cardassians
DS9|2|5|Invasive Procedures|
TNG|7|5|Interface
TNG|7|6|Phantasms
DS9|2|6|Melora
TNG|7|7|Dark Page
DS9|2|7|Rules of Acquisition
DS9|2|8|Necessary Evil
TNG|7|8|Attached
TNG|7|9|Force of Nature
DS9|2|9|Second Sight
DS9|2|10|Sanctuary
TNG|7|10|Parallels
DS9|2|11|Rivals
DS9|2|12|The Alternate
TNG|7|11|Inheritance
TNG|7|12|Homeward
TNG|7|13|The Pegasus
ENT|4|22|These Are the Voyages...
DS9|2|13|Armageddon Game
TNG|7|14|Sub Rosa
TNG|7|15|Lower Decks
DS9|2|14|Paradise
DS9|2|15|Whispers
DS9|2|16|Shadowplay
TNG|7|16|Thine Own Self
TNG|7|17|Masks
DS9|2|17|Playing God
TNG|7|18|Eye of the Beholder
DS9|2|18|Profit and Loss
TNG|7|19|Genesis
DS9|2|19|Blood Oath
TNG|7|20|Journey's End
DS9|2|20|The Maquis, Part 1
DS9|2|21|The Maquis, Part 2
TNG|7|21|Firstborn
TNG|7|22|Bloodlines
DS9|2|22|The Wire
TNG|7|23|Emergence
DS9|2|23|Crossover
TNG|7|24|Preemptive Strike
DS9|2|24|The Collaborator
DS9|2|25|Tribunal
DS9|2|26|The Jem’Hadar
TNG|7|25|All Good Things, Part 1
TNG|7|26|All Good Things, Part 2
DS9|3|1|The Search, Part 1
DS9|3|2|The Search, Part 2
DS9|3|3|The House of Quark
DS9|3|4|Equilibrium
DS9|3|5|Second Skin
DS9|3|6|The Abandoned
DS9|3|7|Civil Defense
VOY|1|1|Caretaker, Part 1
VOY|1|2|Caretaker, Part 2
DS9|3|8|Meridian
VOY|1|3|Parallax
MOV|||Star Trek: Generations
DS9|3|9|Defiant
DS9|3|10|Fascination
DS9|3|11|Past Tense, Part 1
DS9|3|12|Past Tense, Part 2
VOY|1|4|Time and Again
DS9|3|13|Life Support
DS9|3|14|Heart of Stone
VOY|1|5|Phage
DS9|3|15|Destiny
VOY|1|6|The Cloud
DS9|3|16|Prophet Motive
VOY|1|7|Eye of the Needle
DS9|3|17|Visionary
VOY|1|8|Ex Post Facto
VOY|1|9|Emanations
VOY|1|10|Prime Factors
DS9|3|18|Distant Voices
VOY|1|11|State of Flux
DS9|3|19|Through the Looking Glass
VOY|1|12|Heroes and Demons
DS9|3|20|Improbable Cause
DS9|3|21|The Die is Cast
VOY|1|13|Cathexis
DS9|3|22|Explorers
VOY|1|14|Faces
DS9|3|23|Family Business
VOY|1|15|Jetrel
DS9|3|24|Shakaar
VOY|1|16|Learning Curve
VOY|2|3|Projections
VOY|2|4|Elogium
DS9|3|25|Facets
DS9|3|26|The Adversary
VOY|2|6|Twisted
VOY|2|1|The 37’s
VOY|2|2|Initiations
VOY|2|5|Non Sequitur
DS9|4|1|The Way of the Warrior, Part 1
DS9|4|2|The Way of the Warrior, Part 2
DS9|4|3|The Visitor
DS9|4|4|Hippocratic Oath
VOY|2|7|Parturition
DS9|4|5|Indiscretion
VOY|2|8|Persistence of Vision
VOY|2|9|Tattoo
VOY|2|10|Cold Fire
DS9|4|6|Rejoined
VOY|2|11|Maneuvers
DS9|4|7|Starship Down
DS9|4|8|Little Green Men
DS9|4|9|The Sword of Kahless
VOY|2|12|Resistance
DS9|4|10|Our Man Bashir
DS9|4|11|Homefront
DS9|4|12|Paradise Lost
VOY|2|13|Prototype
VOY|2|18|Death Wish
VOY|2|14|Alliances
DS9|4|13|Crossfire
VOY|2|15|Threshold
DS9|4|14|Return to Grace
VOY|2|16|Meld
VOY|2|17|Dreadnought
VOY|2|19|Lifesigns
VOY|2|20|Investigations
VOY|2|21|Deadlock
DS9|4|15|Sons of Mogh
DS9|4|16|Bar Association
DS9|4|17|Accession
VOY|2|22|Innocence
DS9|4|18|Rules of Engagement
DS9|4|19|Hard Time
DS9|4|20|Shattered Mirror
VOY|2|23|The Thaw
DS9|4|21|The Muse
VOY|2|24|Tuvix
DS9|4|22|For the Cause
VOY|2|25|Resolutions
DS9|4|23|To the Death
DS9|4|24|The Quickening
DS9|4|25|Body Parts
DS9|4|26|Broken Link
VOY|2|26|Basics, Part 1
VOY|3|1|Basics, Part 2
DS9|5|1|Apocalypse Rising
DS9|5|2|The Ship
VOY|3|7|Sacred Ground
VOY|3|5|False Profits
VOY|3|2|Flashback
VOY|3|3|The Chute
VOY|3|6|Remember
VOY|3|4|The Swarm
DS9|5|3|Looking for par'Mach in All the Wrong Places
DS9|5|4|Nor the Battle to the Strong
DS9|5|5|The Assignment
DS9|5|6|Trials and Tribble-ations
VOY|3|8|Future's End, Part 1
VOY|3|9|Future's End, Part 2
DS9|5|7|Let He Who is Without Sin
DS9|5|8|Things Past
VOY|3|10|Warlord
MOV|||Star Trek: First Contact
ENT|2|23|Regeneration
DS9|5|9|The Ascent
VOY|3|11|The Q and the Grey
DS9|5|10|Rapture
DS9|5|11|The Darkness and the Light
VOY|3|12|Macrocosm
VOY|3|13|Fair Trade
VOY|3|14|Alter Ego
DS9|5|12|The Begotten
DS9|5|13|For the Uniform
VOY|3|15|Coda
VOY|3|16|Blood Fever
DS9|5|14|In Purgatory's Shadow
DS9|5|15|By Inferno's Light
VOY|3|17|Unity
VOY|3|18|Darkling
DS9|5|16|Doctor Bashir, I Presume
VOY|3|19|Rise
DS9|5|17|A Simple Investigation
DS9|5|18|Business as Usual
DS9|5|19|Ties of Blood and Water
VOY|3|20|Favorite Son
DS9|5|20|Ferengi Love Songs
DS9|5|21|Soldiers of the Empire
DS9|5|22|Children of Time
VOY|3|21|Before and After
VOY|3|22|Real Life
VOY|3|23|Distant Origin
VOY|3|24|Displaced
DS9|5|23|Blaze of Glory
VOY|3|25|Worst Case Scenario
DS9|5|24|Empok Nor
DS9|5|25|In the Cards
DS9|5|26|Call to Arms
VOY|3|26|Scorpion, Part 1
VOY|4|1|Scorpion, Part 2
VOY|4|2|The Gift
VOY|4|3|Day of Honor
VOY|4|4|Nemesis
VOY|4|5|Revulsion
DS9|6|1|A Time to Stand
DS9|6|2|Rocks and Shoals
DS9|6|3|Sons and Daughters
DS9|6|4|Behind the Lines
DS9|6|5|Favor the Bold
DS9|6|6|Sacrifice of Angels
VOY|4|6|The Raven
VOY|4|7|Scientific Method
DS9|6|7|You are Cordially Invited
VOY|4|8|Year of Hell, Part 1
VOY|4|9|Year of Hell, Part 2
DS9|6|8|Resurrection
VOY|4|10|Random Thoughts
DS9|6|9|Statistical Probabilities
VOY|4|11|Concerning Flight
DS9|6|10|The Magnificent Ferengi
DS9|6|11|Waltz
VOY|4|12|Mortal Coil
VOY|4|14|Message in a Bottle
VOY|4|13|Waking Moments
DS9|6|12|Who Mourns for Morn?
DS9|6|13|Far Beyond the Stars
DS9|6|14|One Little Ship
VOY|4|15|Hunters
DS9|6|15|Honor Among Thieves
DS9|6|16|Change of Heart
VOY|4|16|Prey
VOY|4|17|Retrospect
VOY|4|18|The Killing Game, Part 1
VOY|4|19|The Killing Game, Part 2
DS9|6|17|Wrongs Darker than Death or Night
DS9|6|18|Inquisition
DS9|6|19|In the Pale Moonlight
VOY|4|20|Vis a Vis
VOY|4|21|The Omega Directive
DS9|6|20|His Way
VOY|4|22|Unforgettable
DS9|6|21|The Reckoning
DS9|6|22|Valiant
VOY|4|24|Demon
DS9|6|23|Profit and Lace
VOY|4|25|One
DS9|6|24|Time's Orphan
VOY|4|26|Hope and Fear
DS9|6|25|The Sound of her Voice
DS9|6|26|Tears of the Prophets
VOY|5|1|Night
VOY|5|2|Drone
VOY|5|3|Extreme Risk
VOY|5|4|In the Flesh
VOY|5|5|Once Upon a Time
VOY|5|8|Nothing Human
VOY|5|6|Timeless
DS9|7|1|Image in the Sand
DS9|7|2|Shadows and Symbols
DS9|7|3|Afterimage
DS9|7|4|Take Me Out to the Holosuite
DS9|7|5|Chrysalis
DS9|7|6|Treachery, Faith, and the Great River
DS9|7|7|Once More Unto the Breach
DS9|7|8|The Siege of AR-558
VOY|5|9|Thirty Days
DS9|7|9|Covenant
VOY|5|7|Infinite Regress
VOY|5|10|Counterpoint
DS9|7|10|It's Only a Paper Moon
MOV|||Star Trek: Insurrection
DS9|7|11|Prodigal Daughter
VOY|5|11|Latent Image
VOY|5|12|Bride of Chaotica
DS9|7|12|The Emperor's New Cloak
VOY|5|13|Gravity
DS9|7|13|Field of Fire
VOY|5|14|Bliss
DS9|7|14|Chimera
VOY|5|17|The Disease
DS9|7|15|Badda-Bing Badda-Bang
DS9|7|16|Inter Arma Silent Leges
VOY|5|18|Course: Oblivion
VOY|5|15|Dark Frontier, Part 1
VOY|5|16|Dark Frontier, Part 2
VOY|5|19|The Fight
VOY|5|20|Think Tank
DS9|7|17|Penumbra
DS9|7|18|'Til Death Do Us Part
DS9|7|19|Strange Bedfellows
DS9|7|20|The Changing Face of Evil
DS9|7|21|When it Rains
DS9|7|22|Tacking into the Wind
DS9|7|23|Extreme Measures
DS9|7|24|The Dogs of War
DS9|7|25|What You Leave Behind, Part 1
DS9|7|26|What You Leave Behind, Part 2
VOY|5|21|Juggernaut
VOY|5|22|Someone to Watch Over Me
VOY|5|23|11:59
VOY|5|24|Relativity
VOY|5|25|Warhead
VOY|5|26|Equinox, Part 1
VOY|6|1|Equinox, Part 2
VOY|6|2|Survival Instinct
VOY|6|3|Barge of the Dead
VOY|6|4|Tinker, Tenor, Doctor, Spy
VOY|6|7|Dragon's Teeth
VOY|6|5|Alice
VOY|6|6|Riddles
VOY|6|8|One Small Step
VOY|6|9|The Voyager Conspiracy
VOY|6|10|Pathfinder
VOY|6|11|Fair Haven
VOY|6|15|Tsunkatse
VOY|6|12|Blink of an Eye
VOY|6|13|Virtuoso
VOY|6|16|Collective
VOY|6|14|Memorial
VOY|6|17|Spirit Folk
VOY|6|18|Ashes to Ashes
VOY|6|19|Child's Play
VOY|6|20|Good Shepherd
VOY|6|23|Fury
VOY|6|21|Live Fast and Prosper
VOY|6|24|Life Line
VOY|6|22|Muse
VOY|6|25|The Haunting of Deck Twelve
VOY|6|26|Unimatrix Zero, Part 1
VOY|7|1|Unimatrix Zero, Part 2
VOY|7|3|Drive
VOY|7|4|Repression
VOY|7|2|Imperfection
VOY|7|5|Critical Care
VOY|7|6|Inside Man
VOY|7|7|Body and Soul
VOY|7|8|Nightingale
VOY|7|9|Flesh and Blood, Part 1
VOY|7|10|Flesh and Blood, Part 2
VOY|7|11|Shattered
VOY|7|12|Lineage
VOY|7|13|Repentance
VOY|7|14|Prophesy
VOY|7|15|The Void
VOY|7|16|Workforce, Part 1
VOY|7|17|Workforce, Part 2
VOY|7|18|Human Error
VOY|7|19|Q2
VOY|7|20|Author, Author
VOY|7|21|Friendship One
VOY|7|22|Natural Law
VOY|7|23|Homestead
VOY|7|24|Renaissance Man
VOY|7|25|Endgame, Part 1
VOY|7|26|Endgame, Part 2
MOV|||Star Trek: Nemesis
LDS|1|1|Second Contact
LDS|1|2|Envoys
LDS|1|3|Temporal Edict
LDS|1|4|Moist Vessel
LDS|1|5|Cupid’s Errant Arrow
LDS|1|6|Terminal Provocations
LDS|1|7|Much Ado About Boimler
LDS|1|8|Veritas
LDS|1|9|Crisis Point
LDS|1|10|No Small Parts
LDS|2|1|Strange Energies
LDS|2|2|Kayshon, His Eyes Open
LDS|2|3|We’ll Always Have Tom Paris
LDS|2|4|Mugato, Gumato
LDS|2|5|An Embarrassment of Dooplers
LDS|2|6|The Spy Humongous
LDS|2|7|Where Pleasant Fountains Lie
LDS|2|8|I, Excretes
LDS|2|9|wej Duj
LDS|2|10|First First Contact
LDS|3|1|Grounded
LDS|3|2|The Least Dangerous Game
LDS|3|3|Mining The Mind's Mines
LDS|3|4|Room for Growth
LDS|3|5|Reflections
LDS|3|6|Hear All, Trust Nothing
SNW|2|7|Those Old Scientists
LDS|3|7|A Mathematically Perfect Redemption
LDS|3|8|Crisis Point 2: Paradoxus
LDS|3|9|Trusted Sources
LDS|3|10|The Stars at Night
LDS|4|1|Twovix
LDS|4|2|I Have No Bones Yet I Must Flee
LDS|4|3|In the Cradle of Vexilon
LDS|4|4|Something Borrowed, Something Green
LDS|4|5|Empathological Fallacies
LDS|4|6|Parth Ferengi’s Heart Place
LDS|4|7|A Few Badgeys More
LDS|4|8|Caves
LDS|4|9|The Inner Fight
LDS|4|10|Old Friends, New Planets
PRO|1|1|Lost & Found, Part 1
PRO|1|2|Lost & Found, Part 2
PRO|1|3|Starstruck
PRO|1|4|Dream Catcher
PRO|1|5|Terror Firma
PRO|1|6|Kobayashi
PRO|1|7|First Con-tact
PRO|1|8|Time Amok
PRO|1|9|A Moral Star
PRO|1|10|A Moral Star, Part Two
PRO|1|11|Asylum
PRO|1|12|Let Sleeping Borg Lie
PRO|1|13|All the World’s a Stage
PRO|1|14| Crossroads
PRO|1|15|Masquerade
PRO|1|16|Preludes
PRO|1|17|Ghost in the Machine
PRO|1|18|Mindwalk
PRO|1|19|Supernova, Part 1
PRO|1|20|Supernova, Part 2
PRO|2|1|Into the Breach, Part 1
PRO|2|2|Into the Breach, Part 2
PRO|2|3|Who Saves the Saviors?
PRO|2|4|Temporal Mechanics 101
PRO|2|5|The Mystery Spiral
PRO|2|6|Imposter Syndrome
PRO|2|7|The Race
PRO|2|8|Veritas?
PRO|2|9|The Time Devouring Scavengers, Part 1
PRO|2|10|The Time Devouring Scavengers, Part 2
PRO|2|11|The Last Flight of the Protostar, Part 1
PRO|2|12|The Last Flight of the Protostar, Part 2
PRO|2|13|A Tribble Called Bridule
PRO|2|14| The Mirror Universe
PRO|2|15|The Ascent, Part 1
PRO|2|16|The Ascent, Part 2
PRO|2|17|On the Brink
PRO|2|18|Behind Enemy Lines
PRO|2|19|Ouroboros, Part 1
PRO|2|20|Ouroboros, Part 2
SHO|2|6|Children of Mars
MOV|||Star Trek (2009)
MOV|||Star Trek Into Darkness
MOV|||Star Trek Beyond
PIC|1|1|Remembrance
PIC|1|2|Maps and Legends
PIC|1|3|The End is the Beginning
PIC|1|4|Absolute Candor
PIC|1|5|Stardust City Rag
PIC|1|6|The Impossible Box
PIC|1|7|Nepenthe
PIC|1|8|Broken Pieces
PIC|1|9|Et in Arcadia Ego, Part 1
PIC|1|10|Et in Arcadia Ego, Part 2
PIC|2|1|The Star Gazer
PIC|2|2|Penance
PIC|2|3|Assimilation
PIC|2|4|Watcher
PIC|2|5|Fly Me to the Moon
PIC|2|6|Two of One
PIC|2|7|Monsters
PIC|2|8|Mercy
PIC|2|9|Hide and Seek
PIC|2|10|Farewell
PIC|3|1|The Next Generation
PIC|3|2|Disengage
PIC|3|3|Seventeen Seconds
PIC|3|4|No Win Scenario
PIC|3|5|Imposters
PIC|3|6|The Bounty
PIC|3|7|Dominion
PIC|3|8|Surrender
PIC|3|9|Vox
PIC|3|10|The Last Generation
VOY|4|23|Living Witness
DIS|3|1|That Hope is You, Part 1
DIS|3|2|Far From Home
DIS|3|3|People of Earth
DIS|3|4|Forget Me Not
DIS|3|5|Die Trying
DIS|3|6|Scavengers
DIS|3|7|Unification III
DIS|3|8|The Sanctuary
DIS|3|9|Terra Firma, Part 1
DIS|3|10|Terra Firma, Part 2
DIS|3|11|Su’Kal
DIS|3|12|There is a Tide…
DIS|3|13|That Hope is You, Part 2
DIS|4|1|Kobayashi Maru
DIS|4|2|Anomaly
DIS|4|3|Choose to Live
DIS|4|4|All is Possible
DIS|4|5|The Examples
DIS|4|6|Stormy Weather
DIS|4|7|…But to Connect
DIS|4|8|All In
DIS|4|9|Rubicon
DIS|4|10|The Galactic Barrier
DIS|4|11|Rosetta
DIS|4|12|Species Ten-C
DIS|4|13|Coming Home
DIS|5|1|Red Directive
DIS|5|2|Under the Twin Moons
DIS|5|3|Jinaal
DIS|5|4|Face the Strange
DIS|5|5|Mirrors
DIS|5|6|Whistlespeak
DIS|5|7|Erigah
DIS|5|8|Labyrinths
DIS|5|9|Lagrange Point
DIS|5|10|Life, Itself
SHO|1|2|Calypso
